{
  "sparsity_grid": [
    0.1,
    0.2,
    0.3,
    0.4,
    0.5,
    0.6,
    0.7,
    0.8,
    0.9
  ],
  "metric_name": "accuracy",
  "metric_values": [
    0.7919999957084656,
    0.7919999957084656,
    0.7940000295639038,
    0.7950000166893005,
    0.7950000166893005,
    0.7889999747276306,
    0.7879999876022339,
    0.7760000228881836,
    0.7390000224113464
  ],
  "degree_summary": {
    "mean": 4.557142734527588,
    "median": 3.0,
    "max": 36.0,
    "p99": 27.710006713867188
  },
  "self_loops_included": false,
  "n_nodes_used": 140,
  "checkpoint": "results/no-pruning/cora/gat/checkpoint.pt",
  "seed": 0
}