{
  "sparsity_grid": [
    0.1,
    0.2,
    0.3,
    0.4,
    0.5,
    0.6,
    0.7,
    0.8,
    0.9
  ],
  "metric_name": "accuracy",
  "metric_values": [
    0.7919999957084656,
    0.7919999957084656,
    0.7929999828338623,
    0.7940000295639038,
    0.7940000295639038,
    0.7919999957084656,
    0.7860000133514404,
    0.7720000147819519,
    0.7129999995231628
  ],
  "class_summary": {
    "n_classes": 7,
    "min_count": 20,
    "max_count": 20,
    "imbalance_ratio": 1.0
  },
  "multi_label_strategy": null,
  "n_nodes_used": 140,
  "checkpoint": "results/no-pruning/cora/gat/checkpoint.pt",
  "seed": 0
}