{
  "sparsity_grid": [
    0.1,
    0.2,
    0.3,
    0.4,
    0.5,
    0.6,
    0.7,
    0.8,
    0.9
  ],
  "metric_name": "macro_f1",
  "metric_values": [
    0.2703225806451613,
    0.2703225806451613,
    0.2703225806451613,
    0.2703225806451613,
    0.2703225806451613,
    0.26111702127659575,
    0.26233766233766237,
    0.25717909996979765,
    0.20917748917748918
  ],
  "activation_collection_seed": 0,
  "n_nodes_used": 120,
  "checkpoint": "results/no-pruning/wisconsin/gcn/checkpoint.pt"
}