{
  "sparsity_grid": [
    0.1,
    0.2,
    0.3,
    0.4,
    0.5,
    0.6,
    0.7,
    0.8,
    0.9
  ],
  "metric_name": "macro_f1",
  "metric_values": [
    0.26111702127659575,
    0.26111702127659575,
    0.26111702127659575,
    0.2703225806451613,
    0.26111702127659575,
    0.2726218708827405,
    0.25514950166112954,
    0.24987012987012988,
    0.14730006835269993
  ],
  "degree_summary": {
    "mean": 1.274999976158142,
    "median": 1.0,
    "max": 6.0,
    "p99": 5.80999755859375
  },
  "self_loops_included": false,
  "n_nodes_used": 120,
  "checkpoint": "results/no-pruning/wisconsin/gcn/checkpoint.pt",
  "seed": 0
}