{
  "sparsity_grid": [
    0.1,
    0.2,
    0.3,
    0.4,
    0.5,
    0.6,
    0.7,
    0.8,
    0.9
  ],
  "metric_name": "accuracy",
  "metric_values": [
    0.7919999957084656,
    0.7919999957084656,
    0.7950000166893005,
    0.7950000166893005,
    0.7940000295639038,
    0.7900000214576721,
    0.7850000262260437,
    0.7739999890327454,
    0.7279999852180481
  ],
  "activation_collection_seed": 0,
  "n_nodes_used": 140,
  "checkpoint": "results/no-pruning/cora/gat/checkpoint.pt"
}