{
  "sparsity_grid": [
    0.1,
    0.2,
    0.3,
    0.4,
    0.5,
    0.6,
    0.7,
    0.8,
    0.9
  ],
  "metric_name": "accuracy",
  "metric_values": [
    0.7979999780654907,
    0.800000011920929,
    0.8019999861717224,
    0.8009999990463257,
    0.7960000038146973,
    0.7860000133514404,
    0.7799999713897705,
    0.7459999918937683,
    0.640999972820282
  ],
  "activation_collection_seed": 0,
  "n_nodes_used": 140,
  "checkpoint": "results/no-pruning/cora/gcn/checkpoint.pt"
}