{
  "sparsity_grid": [
    0.1,
    0.2,
    0.3,
    0.4,
    0.5,
    0.6,
    0.7,
    0.8,
    0.9
  ],
  "metric_name": "accuracy",
  "metric_values": [
    0.7990000247955322,
    0.800000011920929,
    0.7990000247955322,
    0.7979999780654907,
    0.7929999828338623,
    0.765999972820282,
    0.753000020980835,
    0.6600000262260437,
    0.6029999852180481
  ],
  "degree_summary": {
    "mean": 4.557142734527588,
    "median": 3.0,
    "max": 36.0,
    "p99": 27.710006713867188
  },
  "self_loops_included": false,
  "n_nodes_used": 140,
  "checkpoint": "results/no-pruning/cora/gcn/checkpoint.pt",
  "seed": 0
}